#{"t_start": 1784439046.130854, "env_id": "Reacher-v5"}
r,l,t
-49.936216,50,0.908484
-56.634967,50,0.940968
-53.430624,50,0.971269
-60.435941,50,1.002182
-58.85718,50,1.033992
-64.443936,50,1.064448
-58.016019,50,1.095559
-63.877711,50,1.126431
-58.103429,50,1.158378
-55.840392,50,1.189187
-60.583619,50,1.220111
-58.500801,50,1.251602
-59.54433,50,1.283001
-63.757621,50,1.313484
-58.954953,50,1.344984
-70.893734,50,1.375342
-61.528587,50,1.405778
-57.9478,50,1.437717
-52.899337,50,1.468067
-59.546602,50,1.49849
-65.289086,50,1.529733
-61.710559,50,1.561165
-62.743458,50,1.591633
-70.390165,50,1.622627
-67.539971,50,1.653904
-72.913434,50,1.684524
-57.64998,50,1.715373
-64.948955,50,1.747279
-64.09832,50,1.777753
-59.913502,50,1.808463
-58.513027,50,1.838646
-61.956789,50,1.870105
-61.453422,50,1.90051
-63.98787,50,1.93132
-58.298596,50,1.962134
-56.545538,50,1.992228
-55.82826,50,2.022614
-56.979454,50,2.054059
-66.437374,50,2.085031
-62.560833,50,2.115758
-66.005967,50,4.703989
-56.49571,50,4.737595
-63.836055,50,4.772373
-62.288056,50,4.808279
-55.247074,50,4.840094
-58.416205,50,4.871135
-59.328201,50,4.903459
-57.0351,50,4.934112
-54.711115,50,4.964526
-61.990357,50,4.995636
-55.449968,50,5.196633
-58.357705,50,5.227196
-57.3768,50,5.257378
-59.576644,50,5.288941
-57.683097,50,5.31952
-62.940341,50,5.350171
-63.898285,50,5.380901
-59.06823,50,5.412608
-58.216886,50,5.44276
-69.281523,50,5.472911
-60.142792,50,5.504764
-56.173011,50,5.535388
-62.880516,50,5.566379
-51.387432,50,5.598513
-59.808215,50,5.62934
-66.426961,50,5.660356
-64.788041,50,5.691732
-64.065248,50,5.721908
-63.02691,50,5.752399
-60.767828,50,5.782854
-65.187318,50,5.814469
-60.000243,50,5.845224
-66.300393,50,5.875907
-56.536147,50,5.907721
-59.493211,50,5.938659
-65.094617,50,5.969259
-59.165145,50,6.000646
-53.099354,50,6.031113
-61.344042,50,6.06191
-58.028825,50,6.094075
-61.901039,50,6.125924
-62.851057,50,8.366595
-53.051451,50,8.398111
-59.920846,50,8.43357
-54.785708,50,8.468937
-65.200687,50,8.504804
-59.409683,50,8.537363
-64.502017,50,8.568714
-53.057208,50,8.59952
-49.745516,50,8.63193
-58.688958,50,8.662886
-58.075672,50,8.694114
-51.445792,50,8.729433
-64.506055,50,8.763891
-52.471205,50,8.804176
-55.491992,50,8.844757
-52.679469,50,8.884831
-52.602032,50,8.928315
-58.353005,50,8.969572
-52.427532,50,9.011011
-54.047434,50,9.302758
-63.777267,50,9.348383
-51.499218,50,9.395293
-63.02086,50,9.442993
-56.95579,50,9.489664
-60.246724,50,9.536601
-60.988444,50,9.576396
-46.53527,50,9.613486
-64.908624,50,9.650393
-60.136146,50,9.684539
-56.233062,50,9.718987
-50.537339,50,9.753408
-54.242807,50,9.785649
-54.768653,50,9.817763
-59.942547,50,9.850213
-49.078585,50,9.881425
-57.42516,50,9.913097
-52.585486,50,9.945525
-62.505307,50,9.976842
-62.206195,50,10.011838
-60.950456,50,10.050057
-59.327871,50,10.082633
-61.619257,50,12.31959
-65.587241,50,12.350287
-56.620787,50,12.382217
-48.37378,50,12.41288
-49.70181,50,12.443439
-49.735348,50,12.475155
-51.798875,50,12.505665
-47.806002,50,12.536493
-58.092917,50,12.567126
-49.567848,50,12.599631
-57.551941,50,12.631073
-53.356873,50,12.661793
-45.753996,50,12.693739
-55.054453,50,12.724313
-54.814762,50,12.755261
-54.035189,50,12.786621
-57.6294,50,12.817204
-55.902001,50,12.848263
-60.008801,50,12.880044
-57.334888,50,12.910962
-55.734628,50,12.942169
-58.134444,50,12.974113
-57.709983,50,13.004847
-55.398682,50,13.03609
-58.132713,50,13.066745
-51.939991,50,13.099066
-58.946094,50,13.130218
-54.267843,50,13.161054
-47.972012,50,13.357518
-59.875266,50,13.389863
-61.011531,50,13.420459
-54.080016,50,13.451521
-47.547143,50,13.483229
-50.206702,50,13.514001
-53.742117,50,13.545187
-54.172487,50,13.576117
-55.535212,50,13.608091
-44.522092,50,13.639231
-64.062292,50,13.670124
-55.889995,50,13.702453
-57.026068,50,13.733805
-55.380347,50,16.039559
-49.767783,50,16.070248
-54.938678,50,16.100912
-47.162182,50,16.132656
-51.061818,50,16.163233
-57.642039,50,16.194229
-55.077355,50,16.225753
-47.603113,50,16.256522
-50.627918,50,16.287986
-47.087675,50,16.319645
-58.354822,50,16.349252
-56.524082,50,16.380259
-45.407505,50,16.410187
-55.684215,50,16.441826
-44.913586,50,16.472748
-60.777377,50,16.503085
-52.824364,50,16.534599
-52.1266,50,16.565124
-57.088556,50,16.59593
-52.462022,50,16.627577
-55.567281,50,16.658332
-43.815873,50,16.68936
-60.502336,50,16.721383
-54.997882,50,16.751351
-44.872596,50,16.780401
-45.653088,50,16.810166
-50.888888,50,16.841405
-44.488763,50,16.87251
-41.210466,50,16.902635
-51.494244,50,16.933924
-55.112441,50,16.964466
-47.046481,50,16.995368
-46.667465,50,17.027026
-52.51421,50,17.05772
-51.713189,50,17.088792
-49.478546,50,17.11937
-48.999509,50,17.150853
-50.078258,50,17.347777
-50.554783,50,17.38029
-50.646657,50,17.411344
-57.457627,50,17.443389
-55.327997,50,19.663593
-47.884904,50,19.6943
-56.100336,50,19.725241
-49.34479,50,19.757078
-50.84819,50,19.788373
-48.246996,50,19.819698
-41.271913,50,19.850094
-49.149045,50,19.881639
-50.710976,50,19.914058
-55.892919,50,19.945375
-54.980381,50,19.977007
-41.682705,50,20.007797
-51.089623,50,20.038275
-49.475523,50,20.06965
-40.628435,50,20.100165
-51.590857,50,20.130632
-52.835567,50,20.161936
-52.428778,50,20.192197
-52.752541,50,20.224299
-47.516311,50,20.25481
-42.589849,50,20.286793
-53.510894,50,20.318202
-48.522237,50,20.348317
-45.679679,50,20.3796
-48.235668,50,20.410394
-47.06633,50,20.440438
-48.655189,50,20.47154
-47.868418,50,20.50178
-51.112712,50,20.532479
-41.287401,50,20.563642
-43.578553,50,20.594072
-49.552392,50,20.625024
-42.40737,50,20.655174
-45.547089,50,20.686625
-54.321773,50,20.717392
-43.612419,50,20.74771
-57.089914,50,20.778938
-47.551245,50,20.809614
-51.944102,50,20.839893
-49.158133,50,20.871141
-39.286502,50,20.901607
-47.614174,50,23.093567
-43.84658,50,23.123939
-52.728352,50,23.154145
-45.804422,50,23.184117
-36.053419,50,23.215595
-49.699019,50,23.409967
-43.504022,50,23.44029
-52.036,50,23.471416
-41.885051,50,23.503469
-44.528566,50,23.533879
-45.72377,50,23.564814
-42.806261,50,23.596197
-43.661833,50,23.626827
-55.46202,50,23.657815
-48.536394,50,23.688537
-46.934506,50,23.720385
-39.026794,50,23.753082
-40.202427,50,23.784239
-49.63701,50,23.815965
-46.661143,50,23.846561
-48.762714,50,23.877231
-46.358133,50,23.908994
-46.540042,50,23.939437
-55.251689,50,23.970203
-40.178856,50,24.001624
-40.811039,50,24.032363
-52.9303,50,24.063157
-51.933982,50,24.093503
-45.500947,50,24.125151
-40.874934,50,24.156132
-44.299884,50,24.186392
-47.777242,50,24.218054
-37.641193,50,24.248726
-48.210775,50,24.279226
-54.737466,50,24.310696
-48.243502,50,24.341375
-47.779959,50,24.372511
-42.421633,50,24.404442
-44.632148,50,24.434858
-44.376403,50,24.465694
-47.453603,50,24.496144
-39.012841,50,26.806566
-46.051903,50,26.838183
-48.559568,50,26.868911
-35.491168,50,26.899618
-45.123461,50,26.929729
-52.481609,50,26.961472
-43.003107,50,26.992436
-47.14651,50,27.023037
-47.208668,50,27.054565
-41.208738,50,27.085034
-41.542115,50,27.115902
-48.192604,50,27.147772
-42.210308,50,27.178127
-47.473145,50,27.209158
-44.475664,50,27.403994
-38.27292,50,27.434747
-48.631667,50,27.466513
-49.430896,50,27.49758
-43.048941,50,27.528316
-48.170085,50,27.559885
-46.25288,50,27.590966
-44.225731,50,27.621479
-52.064568,50,27.653057
-41.832336,50,27.683518
-39.763625,50,27.714146
-42.131383,50,27.745559
-45.529626,50,27.775882
-45.298353,50,27.807294
-46.539868,50,27.83804
-43.001861,50,27.869674
-46.427134,50,27.900797
-45.110675,50,27.932618
-45.243838,50,27.964328
-38.873278,50,27.995342
-50.648977,50,28.025836
-47.545504,50,28.05736
-46.324527,50,28.088227
-44.78167,50,28.11944
-42.05103,50,28.151202
-50.794283,50,28.181603
-35.729933,50,28.212623
-41.603436,50,30.516464
-37.15674,50,30.546959
-36.255949,50,30.578395
-39.757695,50,30.608626
-41.780231,50,30.638991
-34.556597,50,30.669191
-34.337274,50,30.700317
-35.707192,50,30.731507
-40.145127,50,30.761913
-39.309068,50,30.793222
-42.593994,50,30.823626
-40.593277,50,30.854634
-35.674547,50,30.886356
-38.698019,50,30.916848
-43.589748,50,30.947501
-38.402143,50,30.977751
-45.804996,50,31.009134
-40.502528,50,31.039928
-38.860387,50,31.070131
-49.426286,50,31.101417
-43.783427,50,31.132419
-39.397188,50,31.16284
-31.501582,50,31.194175
-33.352439,50,31.389582
-34.252175,50,31.420481
-42.617483,50,31.450916
-39.718083,50,31.481376
-35.939709,50,31.513205
-32.756637,50,31.544097
-44.252259,50,31.574762
-38.99803,50,31.60657
-39.163993,50,31.637553
-41.198966,50,31.668084
-44.256426,50,31.699835
-38.314805,50,31.730571
-41.424738,50,31.761235
-40.669469,50,31.79315
-43.859961,50,31.823764
-45.742925,50,31.855012
-38.185359,50,31.88571
-48.560213,50,31.917274
-41.232961,50,34.212689
-35.366915,50,34.244085
-36.1091,50,34.274731
-37.232452,50,34.305158
-38.073704,50,34.336254
-43.27985,50,34.366297
-31.256838,50,34.396755
-39.892826,50,34.428151
-40.511835,50,34.45895
-40.163581,50,34.489908
-33.64174,50,34.520277
-42.824365,50,34.551632
-42.470478,50,34.58274
-43.864994,50,34.615559
-39.394757,50,34.650817
-38.14373,50,34.685542
-43.010497,50,34.718032
-47.164028,50,34.749992
-35.480094,50,34.781157
-37.309064,50,34.811844
-40.826107,50,34.843388
-41.741033,50,34.874188
-38.526008,50,34.904618
-37.901458,50,34.936059
-39.663994,50,34.966418
-40.781946,50,34.997912
-40.437772,50,35.032849
-32.715107,50,35.067357
-38.193999,50,35.102289
-36.659092,50,35.139578
-29.470788,50,35.17571
-42.183977,50,35.212421
-39.844156,50,35.450246
-41.336228,50,35.488916
-38.777883,50,35.526023
-47.321931,50,35.565744
-37.375642,50,35.605283
-39.752324,50,35.644759
-39.913285,50,35.684359
-41.992135,50,35.722199
-38.783939,50,35.760684
-36.7478,50,38.062732
-32.241045,50,38.093704
-36.728422,50,38.123544
-24.662336,50,38.153677
-34.809259,50,38.185593
-36.636382,50,38.216328
-41.057376,50,38.246322
-32.752041,50,38.277286
-33.998801,50,38.307817
-32.898309,50,38.337926
-40.636252,50,38.368354
-37.446094,50,38.399847
-36.140448,50,38.430399
-32.678337,50,38.460418
-29.333097,50,38.491648
-35.766819,50,38.522332
-39.68903,50,38.552633
-41.521121,50,38.583554
-35.257717,50,38.614168
-26.441355,50,38.644575
-32.941318,50,38.675884
-34.877659,50,38.706324
-32.205381,50,38.736456
-38.703529,50,38.766864
-36.162535,50,38.797821
-35.776089,50,38.828727
-36.895929,50,38.859012
-32.867061,50,38.890125
-38.970117,50,38.920755
-38.039484,50,38.95141
-39.008462,50,38.982565
-39.419216,50,39.012845
-33.240531,50,39.042695
-36.944522,50,39.072945
-32.345051,50,39.104108
-30.842295,50,39.134483
-32.63292,50,39.16473
-45.94678,50,39.195933
-33.130525,50,39.226297
-38.389569,50,39.262085
-34.771982,50,39.293606
-35.224913,50,41.718269
-36.066831,50,41.748727
-41.016425,50,41.778808
-31.267715,50,41.808759
-31.681218,50,41.839775
-32.766723,50,41.870287
-31.987488,50,41.900289
-26.866959,50,41.931643
-36.229818,50,41.962137
-36.266206,50,41.992316
-35.828574,50,42.023709
-28.93553,50,42.053952
-33.65137,50,42.084594
-34.473402,50,42.115985
-34.134652,50,42.145941
-33.305452,50,42.176001
-31.409135,50,42.20659
-40.778672,50,42.237966
-30.704861,50,42.268095
-34.639133,50,42.298586
-29.441076,50,42.329845
-35.551843,50,42.360005
-30.923256,50,42.390501
-26.806251,50,42.421653
-34.392904,50,42.451619
-38.872814,50,42.481703
-33.336689,50,42.512307
-38.156417,50,42.543475
-37.509115,50,42.573606
-30.654924,50,42.604366
-34.08329,50,42.635617
-37.752114,50,42.665737
-35.846336,50,42.696231
-34.901744,50,42.727338
-37.606542,50,42.757417
-38.16745,50,42.787694
-33.432529,50,42.81775
-30.493827,50,42.848877
-30.738023,50,42.87906
-33.380734,50,42.909497
-32.796066,50,42.940636
-29.378273,50,45.229305
-30.076916,50,45.26033
-27.934127,50,45.291223
-34.674669,50,45.321183
-34.838276,50,45.351167
-31.19648,50,45.382153
-26.466974,50,45.412666
-28.3752,50,45.442895
-33.611864,50,45.473949
-30.905797,50,45.670211
-31.311496,50,45.700519
-30.815663,50,45.730731
-27.732881,50,45.762587
-30.690307,50,45.793345
-31.663199,50,45.823398
-34.806549,50,45.854125
-34.201958,50,45.885384
-28.21508,50,45.915678
-35.180693,50,45.946203
-33.032412,50,45.977399
-29.954549,50,46.007476
-31.307136,50,46.037961
-27.72269,50,46.069149
-30.230535,50,46.09933
-32.028907,50,46.129925
-32.026492,50,46.159955
-32.738043,50,46.191807
-31.122823,50,46.222142
-28.797253,50,46.252744
-34.309124,50,46.283634
-30.768586,50,46.313943
-36.032795,50,46.344266
-27.785197,50,46.37589
-36.172059,50,46.406093
-29.430051,50,46.436482
-31.190493,50,46.467822
-30.733647,50,46.498015
-27.959081,50,46.528596
-32.910444,50,46.558964
-28.094213,50,46.590425
-25.225219,50,46.621065
-34.764391,50,48.877577
-29.103381,50,48.908805
-25.803339,50,48.938564
-24.299608,50,48.968647
-28.1488,50,48.999747
-25.183226,50,49.029754
-30.768085,50,49.060013
-35.724909,50,49.090517
-25.181265,50,49.121813
-17.595619,50,49.152035
-23.941202,50,49.182776
-21.840311,50,49.214302
-23.344456,50,49.244923
-28.686646,50,49.27562
-31.652913,50,49.30715
-30.646955,50,49.337305
-25.637612,50,49.367822
-35.248749,50,49.39811
-31.217855,50,49.592049
-31.362865,50,49.62398
-33.532638,50,49.654924
-34.928808,50,49.685389
-31.851805,50,49.716814
-26.289696,50,49.746999
-26.25227,50,49.777579
-24.389831,50,49.808919
-33.05239,50,49.839575
-26.989698,50,49.870558
-30.773237,50,49.901431
-25.651065,50,49.933209
-28.013183,50,49.963949
-20.572808,50,49.994994
-21.349697,50,50.027121
-29.1422,50,50.057618
-29.111609,50,50.08825
-28.18574,50,50.119685
-30.072851,50,50.150071
-28.771773,50,50.180393
-28.303605,50,50.211963
-27.174874,50,50.242175
-32.111767,50,50.272752
-23.713019,50,52.540404
-27.729188,50,52.570417
-32.925167,50,52.600552
-32.336954,50,52.630925
-26.420635,50,52.66223
-27.702393,50,52.692588
-21.468272,50,52.723132
-26.671523,50,52.754229
-24.169581,50,52.784503
-24.361473,50,52.815002
-25.904622,50,52.846366
-23.422348,50,52.87657
-20.944416,50,52.906944
-27.189243,50,52.937065
-26.214929,50,52.968453
-22.409874,50,52.998709
-25.77688,50,53.029318
-18.31402,50,53.060722
-28.416445,50,53.090992
-21.286136,50,53.121889
-19.261638,50,53.153493
-21.407731,50,53.183862
-28.87815,50,53.214639
-26.701133,50,53.245757
-22.611244,50,53.275955
-24.493876,50,53.30629
-22.229375,50,53.336487
-30.410671,50,53.530109
-26.465571,50,53.562326
-24.207471,50,53.592671
-25.786895,50,53.623032
-32.877101,50,53.654521
-29.874014,50,53.684736
-23.821054,50,53.71551
-20.281452,50,53.745838
-25.7021,50,53.7775
-22.139558,50,53.808154
-26.263357,50,53.838286
-21.749497,50,53.869664
-30.00746,50,53.900228
-33.183431,50,53.93115
-19.74486,50,56.206933
-23.355504,50,56.237034
-17.415547,50,56.267172
-18.097265,50,56.298872
-22.9569,50,56.32954
-23.50426,50,56.36046
-21.240788,50,56.391988
-27.228337,50,56.422686
-18.370086,50,56.453397
-24.346619,50,56.484797
-16.048699,50,56.515061
-22.241862,50,56.545764
-25.499927,50,56.575885
-15.917709,50,56.607117
-19.81543,50,56.637443
-18.057514,50,56.668403
-21.679986,50,56.699954
-22.173134,50,56.73028
-19.063503,50,56.760942
-19.839684,50,56.792017
-25.068224,50,56.822129
-18.364183,50,56.852625
-19.672598,50,56.882903
-22.744973,50,56.914121
-24.684584,50,56.944366
-24.942407,50,56.974913
-19.083018,50,57.006319
-26.365954,50,57.036435
-24.459352,50,57.067589
-22.060107,50,57.098952
-21.99391,50,57.129305
-26.447686,50,57.159904
-15.357386,50,57.191009
-23.870128,50,57.221296
-18.388661,50,57.251989
-20.950984,50,57.281951
-19.241109,50,57.474687
-14.742084,50,57.506486
-22.756217,50,57.537036
-22.213008,50,57.567646
-17.488028,50,57.599096
-18.547798,50,59.876489
-21.298229,50,59.906422
-15.782804,50,59.937346
-18.876394,50,59.967269
-16.826119,50,59.997738
-20.794954,50,60.030404
-21.823003,50,60.060776
-19.153842,50,60.091473
-23.003841,50,60.121853
-15.696427,50,60.153253
-18.847622,50,60.18355
-17.805537,50,60.214329
-21.780635,50,60.245696
-21.972443,50,60.275649
-22.836097,50,60.306165
-17.367968,50,60.337403
-20.992104,50,60.367475
-16.66076,50,60.398223
-18.124644,50,60.429554
-12.131589,50,60.459616
-17.064609,50,60.490233
-17.397164,50,60.520386
-21.904805,50,60.551405
-23.165957,50,60.581274
-17.857206,50,60.611858
-18.755698,50,60.643208
-19.88809,50,60.673587
-16.101154,50,60.70421
-18.861747,50,60.735877
-18.665817,50,60.766234
-17.921292,50,60.796865
-21.379884,50,60.827103
-16.286424,50,60.858412
-21.441537,50,60.889141
-17.541622,50,60.919288
-18.235864,50,60.950691
-21.985707,50,60.980868
-17.329195,50,61.01142
-21.42361,50,61.042814
-20.1106,50,61.072862
-24.709467,50,61.103212
-15.316186,50,63.378633
-22.429521,50,63.408375
-11.306063,50,63.438552
-18.034651,50,63.4697
-17.379704,50,63.66082
-22.150282,50,63.692451
-15.498751,50,63.722669
-19.703566,50,63.752517
-20.511163,50,63.783439
-15.522262,50,63.813543
-15.590302,50,63.843983
-15.420186,50,63.875474
-20.065398,50,63.905646
-16.677183,50,63.936029
-17.865612,50,63.966104
-14.478515,50,63.99733
-16.646833,50,64.02785
-13.172445,50,64.057867
-18.446178,50,64.088826
-19.782595,50,64.119287
-18.824644,50,64.150415
-17.024843,50,64.181638
-16.62531,50,64.211363
-19.526137,50,64.241291
-21.823804,50,64.27116
-17.271543,50,64.302164
-16.996259,50,64.332543
-18.225169,50,64.362801
-19.492577,50,64.393804
-11.745125,50,64.423736
-16.376447,50,64.454152
-11.320554,50,64.485897
-21.043271,50,64.516032
-15.506989,50,64.546591
-19.504863,50,64.577591
-18.073371,50,64.607585
-16.323932,50,64.63819
-17.345167,50,64.668143
-20.048023,50,64.699193
-21.515715,50,64.729712
-15.224713,50,64.759841
-13.904253,50,67.016549
-18.199347,50,67.046185
-14.617437,50,67.07598
-14.853118,50,67.106884
-13.909238,50,67.13717
-15.01786,50,67.167567
-18.832901,50,67.197511
-14.691957,50,67.229124
-21.609349,50,67.259092
-20.666621,50,67.289377
-18.065215,50,67.320764
-15.915248,50,67.350789
-22.189651,50,67.381043
-13.127893,50,67.574099
-15.347172,50,67.604543
-18.211895,50,67.635828
-17.373079,50,67.666221
-20.14974,50,67.696469
-15.0444,50,67.727481
-13.889805,50,67.757612
-15.218315,50,67.787816
-21.128528,50,67.819314
-18.395554,50,67.849604
-13.439987,50,67.880082
-15.024236,50,67.91027
-13.764614,50,67.941513
-15.881515,50,67.972068
-15.822431,50,68.002405
-17.263562,50,68.033888
-15.668334,50,68.064099
-16.990977,50,68.094684
-18.767391,50,68.126189
-16.163297,50,68.156332
-18.121661,50,68.186754
-16.035374,50,68.216775
-16.409432,50,68.248567
-13.142071,50,68.279173
-14.181336,50,68.309207
-21.90917,50,68.341315
-21.156528,50,68.37246
-15.721573,50,68.403005
-14.60909,50,70.586258
-15.455059,50,70.621628
-17.384121,50,70.652478
-17.291779,50,70.68259
-15.163433,50,70.712685
-16.531417,50,70.743228
-10.843663,50,70.774839
-17.057041,50,70.804948
-15.903518,50,70.835075
-15.125309,50,70.866473
-14.857277,50,70.896309
-14.247693,50,70.926332
-14.098551,50,70.95796
-16.862688,50,70.988099
-19.383432,50,71.018468
-14.418588,50,71.048589
-14.173168,50,71.079311
-15.232692,50,71.109514
-10.476174,50,71.139884
-12.240852,50,71.170774
-16.888041,50,71.200847
-18.890839,50,71.231228
-15.405344,50,71.430942
-13.904149,50,71.462337
-16.164572,50,71.492447
-13.715718,50,71.522818
-19.161896,50,71.552802
-12.556845,50,71.583722
-13.151748,50,71.614161
-13.170178,50,71.644299
-13.812527,50,71.675236
-17.481282,50,71.705153
-13.801089,50,71.735749
-14.661393,50,71.76654
-13.9909,50,71.796422
-12.047012,50,71.826408
-18.090726,50,71.856427
-14.938248,50,71.88734
-14.650712,50,71.917645
-13.02081,50,71.947551
-22.100034,50,71.978693
-12.759623,50,74.193451
-15.565609,50,74.223951
-16.062741,50,74.254522
-16.96209,50,74.285671
-11.228866,50,74.317044
-13.963339,50,74.347263
-16.955181,50,74.378384
-13.948079,50,74.40988
-15.3814,50,74.440454
-16.158201,50,74.471238
-15.092067,50,74.502629
-11.579525,50,74.533175
-12.79233,50,74.563857
-10.719245,50,74.595125
-14.264601,50,74.625508
-17.057017,50,74.656176
-14.448715,50,74.686523
-12.829875,50,74.71836
-13.283633,50,74.748754
-15.245445,50,74.779484
-13.170129,50,74.812505
-15.757631,50,74.842881
-13.504379,50,74.873204
-15.283842,50,74.904453
-13.099506,50,74.934485
-14.291801,50,74.965052
-10.959776,50,74.995665
-13.359245,50,75.027327
-16.828598,50,75.05825
-10.202815,50,75.088685
-11.327405,50,75.120242
-14.024312,50,75.315557
-13.77042,50,75.3463
-15.252994,50,75.376378
-17.804209,50,75.40767
-11.922128,50,75.437852
-15.67308,50,75.468363
-11.464604,50,75.498577
-15.166916,50,75.530134
-19.574467,50,75.561288
-16.629217,50,75.591878
-9.37105,50,77.851904
-18.361631,50,77.881775
-12.866445,50,77.911845
-11.871452,50,77.943164
-13.012684,50,77.973356
-15.799409,50,78.003705
-12.924135,50,78.033611
-13.59062,50,78.064534
-15.403685,50,78.095007
-12.196059,50,78.125115
-12.232698,50,78.156455
-11.587258,50,78.186544
-10.410363,50,78.217087
-10.156409,50,78.248425
-11.099093,50,78.278687
-14.671376,50,78.309071
-13.111392,50,78.340464
-13.614015,50,78.370636
-11.847293,50,78.4012
-11.707504,50,78.431456
-13.426404,50,78.462734
-15.863051,50,78.493284
-13.261688,50,78.523445
-16.582997,50,78.554533
-10.90798,50,78.584477
-12.583525,50,78.615038
-9.218584,50,78.646195
-11.882392,50,78.67696
-11.710905,50,78.70951
-10.407945,50,78.7393
-11.033403,50,78.770566
-10.481055,50,78.801061
-10.926217,50,78.831237
-11.284222,50,78.862614
-13.231718,50,78.893249
-17.769793,50,78.923428
-12.57808,50,78.954707
-13.596072,50,78.984982
-14.025567,50,79.015403
-14.841037,50,79.045414
-12.853861,50,79.239654
-12.28787,50,81.505081
-15.216254,50,81.534893
-10.408166,50,81.564754
-15.562254,50,81.595638
-8.621497,50,81.625712
-14.44874,50,81.656063
-11.907072,50,81.687272
-15.497251,50,81.717242
-14.579782,50,81.74755
-11.620243,50,81.777428
-15.95356,50,81.80842
-11.555701,50,81.838968
-15.089469,50,81.869011
-9.849431,50,81.900485
-14.038005,50,81.931653
-9.073066,50,81.962094
-13.058577,50,81.993464
-11.987135,50,82.023947
-15.086923,50,82.054552
-13.410675,50,82.084448
-12.227063,50,82.115941
-16.049507,50,82.146205
-12.024226,50,82.176318
-15.101753,50,82.207517
-12.692895,50,82.238019
-11.749844,50,82.268269
-16.322998,50,82.299556
-11.695648,50,82.330149
-12.20004,50,82.361641
-15.697822,50,82.392902
-12.225365,50,82.422757
-10.084199,50,82.454428
-11.072158,50,82.484843
-10.090309,50,82.515829
-13.824696,50,82.545942
-11.354626,50,82.575629
-15.330895,50,82.606224
-17.96141,50,82.636132
-11.647919,50,82.666031
-8.56559,50,82.697531
-16.158502,50,82.727823
-11.62012,50,84.987943
-12.759923,50,85.018119
-11.506428,50,85.049106
-9.480391,50,85.079362
-8.795237,50,85.109312
-11.154497,50,85.140392
-12.913895,50,85.170665
-11.670446,50,85.201336
-13.533854,50,85.395894
-8.383383,50,85.427558
-8.932266,50,85.457777
-12.525935,50,85.48801
-12.359903,50,85.517979
-9.408871,50,85.549116
-11.830812,50,85.579475
-9.807721,50,85.609609
-14.016264,50,85.64076
-13.25817,50,85.67082
-12.510465,50,85.701269
-10.094981,50,85.732347
-15.178035,50,85.762448
-17.890991,50,85.792853
-9.769016,50,85.822686
-9.973757,50,85.853858
-12.328907,50,85.884322
-12.263921,50,85.914288
-10.148695,50,85.945436
-10.284573,50,85.976087
-10.275936,50,86.006394
-11.056852,50,86.038192
-14.376808,50,86.067803
-14.273998,50,86.098092
-10.259702,50,86.128127
-10.338097,50,86.159215
-13.836116,50,86.190985
-10.195563,50,86.221433
-10.255411,50,86.253064
-14.120007,50,86.28528
-12.214605,50,86.31586
-15.215894,50,86.347351
-11.84566,50,86.37923
-12.894462,50,88.64663
-10.327375,50,88.678492
-15.864393,50,88.708902
-15.339909,50,88.739505
-10.905388,50,88.770521
-11.03511,50,88.80063
-10.717782,50,88.831032
-14.258483,50,88.861508
-12.813483,50,88.89266
-11.925211,50,88.92315
-10.467231,50,88.95348
-8.985082,50,88.984632
-9.547397,50,89.015101
-11.020872,50,89.045496
-16.80427,50,89.076732
-11.310307,50,89.106715
-9.557086,50,89.137087
-11.878547,50,89.333954
-9.922491,50,89.364523
-10.395984,50,89.395861
-10.587234,50,89.428206
-10.468263,50,89.458593
-11.462121,50,89.490051
-17.150705,50,89.520978
-11.35634,50,89.55091
-9.420517,50,89.582182
-8.836058,50,89.61273
-12.370485,50,89.64292
-16.330044,50,89.672927
-13.925646,50,89.704317
-11.395213,50,89.736049
-15.945306,50,89.766367
-9.103879,50,89.797379
-9.325723,50,89.828206
-9.43008,50,89.858259
-7.523714,50,89.889424
-9.463801,50,89.919712
-15.166342,50,89.95035
-9.196792,50,89.981444
-11.092645,50,90.011336
-10.995967,50,90.043391
-8.651318,50,92.195183
-13.024598,50,92.226388
-9.415522,50,92.256584
-8.241033,50,92.286571
-11.621772,50,92.318
-10.981996,50,92.347939
-13.274177,50,92.378581
-8.147615,50,92.409763
-14.873976,50,92.440235
-13.10295,50,92.470866
-12.397158,50,92.500931
-12.829105,50,92.532254
-14.156155,50,92.562681
-13.230152,50,92.592532
-12.53761,50,92.625061
-10.916813,50,92.655401
-9.935116,50,92.685344
-13.119784,50,92.716547
-12.379169,50,92.746544
-16.049673,50,92.777116
-11.15071,50,92.806972
-14.274306,50,92.83815
-16.67396,50,92.868697
-15.814054,50,92.899117
-9.509845,50,92.930379
-8.203092,50,92.961091
-12.259624,50,93.15423
-12.853881,50,93.184136
-15.450439,50,93.21545
-10.052658,50,93.24486
-10.30129,50,93.275052
-9.031546,50,93.304708
-15.735537,50,93.335579
-12.73106,50,93.366113
-11.541365,50,93.396053
-10.976095,50,93.4268
-9.041004,50,93.456743
-7.373236,50,93.486773
-8.033345,50,93.51828
-16.459513,50,93.548309
-10.247348,50,95.69611
-11.168552,50,95.726432
-8.985555,50,95.757816
-15.779912,50,95.787855
-12.419112,50,95.818394
-14.590797,50,95.849747
-7.099475,50,95.880002
-10.157307,50,95.910511
-12.307498,50,95.941423
-9.820614,50,95.973005
-9.372193,50,96.003597
-12.355423,50,96.033796
-11.25673,50,96.065036
-13.837887,50,96.095825
-12.758816,50,96.126282
-11.692637,50,96.157379
-11.091816,50,96.187659
-10.491725,50,96.218157
-9.41093,50,96.249602
-9.413723,50,96.279943
-15.033565,50,96.310688
-7.374308,50,96.34091
-7.155458,50,96.372234
-15.670171,50,96.40261
-13.461464,50,96.432603
-11.432529,50,96.463639
-12.811806,50,96.493889
-8.556714,50,96.523795
-8.615982,50,96.555062
-11.571806,50,96.58505
-11.285612,50,96.615481
-12.135774,50,96.645424
-9.793715,50,96.676457
-15.105439,50,96.706985
-16.177436,50,96.737518
-12.737108,50,96.769411
-12.821684,50,96.970286
-9.829971,50,97.001427
-12.640525,50,97.032116
-9.43796,50,97.063586
-13.102931,50,97.094042
-12.039031,50,99.305529
-12.242529,50,99.335626
-8.783788,50,99.365628
-6.807018,50,99.396888
-11.994753,50,99.42687
-9.385455,50,99.457136
-8.544876,50,99.48832
-8.307729,50,99.518
-12.799047,50,99.548235
-9.820487,50,99.578392
-8.899079,50,99.609761
-8.118792,50,99.640105
-10.797314,50,99.670139
-14.290005,50,99.701071
-14.901085,50,99.73117
-9.92169,50,99.76155
-13.566968,50,99.792581
-15.010286,50,99.822484
-13.2493,50,99.85273
-14.939827,50,99.882747
-10.163229,50,99.913816
-10.374249,50,99.944372
-7.958013,50,99.974479
-9.463796,50,100.005666
-8.939503,50,100.035943
-8.742644,50,100.066002
-10.073124,50,100.09744
-15.195008,50,100.127805
-8.427438,50,100.158418
-10.509112,50,100.188594
-9.36544,50,100.219485
-13.407263,50,100.250267
-12.268875,50,100.280332
-14.626094,50,100.311258
-10.93738,50,100.341891
-11.515302,50,100.371801
-9.036647,50,100.402949
-7.217635,50,100.433482
-8.294207,50,100.463937
-15.603835,50,100.494066
-13.208291,50,100.525097
-14.026325,50,102.781995
-14.027085,50,102.811939
-8.630526,50,102.842881
-13.455256,50,102.873059
-13.103788,50,103.070613
-10.349077,50,103.10111
-9.411985,50,103.13226
-8.704796,50,103.162345
-9.372861,50,103.192602
-10.294192,50,103.22267
-7.452295,50,103.253537
-13.361329,50,103.283827
-7.941437,50,103.313759
-8.811139,50,103.344705
-10.177392,50,103.37496
-11.885756,50,103.40479
-8.302791,50,103.435999
-15.61311,50,103.465927
-10.077459,50,103.496016
-15.602242,50,103.525875
-12.555624,50,103.556725
-12.656721,50,103.587101
-8.075763,50,103.616909
-10.618617,50,103.647889
-8.790568,50,103.678313
-9.467624,50,103.708426
-14.680753,50,103.739365
-12.751898,50,103.769369
-14.889168,50,103.79975
-12.465959,50,103.8297
-8.229489,50,103.860757
-13.744229,50,103.890996
-9.618474,50,103.921238
-11.136512,50,103.952581
-11.24321,50,103.982863
-10.820337,50,104.012659
-13.78898,50,104.043528
-8.420939,50,104.073648
-7.698727,50,104.103489
-9.075884,50,104.133929
-8.907191,50,104.164886
-11.406664,50,106.402547
-8.191932,50,106.432404
-13.116106,50,106.462379
-8.43947,50,106.493492
-8.549666,50,106.523953
-7.563939,50,106.553906
-10.827237,50,106.584723
-8.015849,50,106.614674
-6.617143,50,106.643806
-8.557145,50,106.674032
-7.972965,50,106.703708
-13.487915,50,106.733427
-11.214716,50,106.762748
-12.128539,50,106.955136
-14.208449,50,106.986432
-7.778271,50,107.016261
-12.854232,50,107.046072
-6.909409,50,107.076805
-10.716282,50,107.106467
-6.827679,50,107.136619
-9.156908,50,107.166523
-13.305482,50,107.197229
-12.306777,50,107.227334
-10.497292,50,107.257073
-15.503595,50,107.287707
-8.781126,50,107.317547
-12.91741,50,107.347158
-12.155341,50,107.377731
-7.610139,50,107.407267
-11.502079,50,107.437589
-15.279846,50,107.467834
-7.399875,50,107.498422
-12.210633,50,107.528372
-14.011253,50,107.557783
-8.352416,50,107.588407
-12.576655,50,107.618455
-13.491949,50,107.648583
-12.546617,50,107.678442
-5.980075,50,107.709261
-10.86772,50,107.73893
-11.214637,50,107.768911
-13.959766,50,109.914225
-10.729505,50,109.944163
-6.978552,50,109.97457
-10.59364,50,110.004361
-14.775919,50,110.035677
-15.024432,50,110.066228
-9.149627,50,110.096499
-10.697341,50,110.127635
-8.003474,50,110.15825
-12.356697,50,110.188507
-13.53309,50,110.219947
-10.307229,50,110.249944
-7.546241,50,110.280413
-9.191839,50,110.311641
-10.892389,50,110.341116
-7.876876,50,110.371394
-11.485931,50,110.401217
-11.179747,50,110.4323
-7.078593,50,110.462723
-6.91777,50,110.492736
-9.698608,50,110.523853
-12.723658,50,110.554384
-6.565667,50,110.7487
-13.156883,50,110.77899
-13.218429,50,110.809434
-13.019301,50,110.840453
-10.534543,50,110.871005
-8.457753,50,110.901016
-8.996135,50,110.931719
-9.700685,50,110.961945
-9.536749,50,110.992237
-12.820283,50,111.023226
-14.413952,50,111.053289
-10.726033,50,111.08352
-8.335039,50,111.113933
-11.474582,50,111.144923
-11.483899,50,111.174813
-12.898278,50,111.204941
-7.708167,50,111.23602
-7.704105,50,111.266053
-8.010706,50,111.296407
-8.518934,50,113.446784
-9.892042,50,113.478011
-12.161096,50,113.508661
-10.326458,50,113.538912
-13.587498,50,113.570371
-7.834271,50,113.600948
-7.327634,50,113.631258
-10.075506,50,113.662764
-10.938749,50,113.693005
-15.662245,50,113.723336
-6.220396,50,113.753793
-10.406439,50,113.784877
-10.574875,50,113.815632
-8.148076,50,113.845731
-10.347819,50,113.876816
-6.969814,50,113.907138
-12.456516,50,113.937724
-8.271745,50,113.969519
-7.90564,50,114.000194
-8.04605,50,114.030902
-13.768323,50,114.062567
-7.692636,50,114.092381
-10.072073,50,114.122258
-8.519918,50,114.152354
-10.242068,50,114.183305
-6.576715,50,114.213118
-8.939221,50,114.243504
-9.897777,50,114.274612
-8.916571,50,114.304572
-8.684561,50,114.335002
-7.733701,50,114.366114
-7.60334,50,114.562062
-14.328132,50,114.593604
-12.977285,50,114.623988
-7.057684,50,114.654191
-8.809337,50,114.685114
-11.643567,50,114.715192
-8.435841,50,114.745554
-9.876416,50,114.776714
-13.11741,50,114.806708
-14.419813,50,114.83686
-7.945512,50,117.045779
-8.709824,50,117.075751
-13.637638,50,117.106684
-13.400502,50,117.1372
-9.246416,50,117.167408
-14.83812,50,117.198891
-8.899984,50,117.229626
-7.344759,50,117.26003
-5.995372,50,117.290719
-6.843139,50,117.321862
-8.463966,50,117.351952
-7.499332,50,117.382374
-5.924849,50,117.413449
-6.583046,50,117.443538
-12.30589,50,117.473719
-14.007615,50,117.504543
-13.679663,50,117.53458
-12.968806,50,117.564629
-14.140338,50,117.594691
-7.230531,50,117.625619
-6.620168,50,117.655642
-10.701653,50,117.685977
-12.185731,50,117.717051
-11.97001,50,117.747061
-10.744594,50,117.777369
-10.073461,50,117.80811
-8.888404,50,117.838031
-6.332941,50,117.868305
-8.911855,50,117.898402
-7.676442,50,117.929382
-13.35464,50,117.959608
-6.672649,50,117.990065
-12.260637,50,118.021131
-8.096871,50,118.050891
-6.527846,50,118.081228
-5.401653,50,118.112049
-12.454657,50,118.141951
-10.273076,50,118.172214
-7.956527,50,118.202218
-14.728574,50,118.233122
-8.010832,50,118.429689
-8.997976,50,120.58146
-6.840546,50,120.611578
-7.613033,50,120.64289
-12.776242,50,120.674311
-13.589146,50,120.704528
-6.859247,50,120.735689
-7.639017,50,120.765936
-7.395773,50,120.794265
-10.893199,50,120.8246
-11.209191,50,120.855582
-10.784579,50,120.887407
-11.353909,50,120.9175
-5.825745,50,120.948807
-7.752751,50,120.979697
-9.33217,50,121.010036
-8.223322,50,121.041332
-6.102668,50,121.072269
-5.796795,50,121.102586
-8.728365,50,121.132656
-5.929463,50,121.164336
-8.410581,50,121.194291
-10.82965,50,121.225096
-6.583453,50,121.256313
-10.432524,50,121.286914
-6.807708,50,121.317426
-11.803969,50,121.348491
-6.474911,50,121.379024
-13.348075,50,121.409644
-10.586307,50,121.440923
-14.745823,50,121.471776
-8.90971,50,121.502167
-7.137418,50,121.532765
-8.858263,50,121.564325
-10.101794,50,121.59447
-7.504712,50,121.625186
-10.821859,50,121.656595
-8.455149,50,121.686744
-12.164676,50,121.717474
-11.577079,50,121.748638
-9.423564,50,121.778751
-7.264033,50,121.809203
-8.314304,50,124.089104
-9.199206,50,124.119172
-6.081683,50,124.149176
-9.915197,50,124.180324
-7.041689,50,124.210666
-8.416625,50,124.240893
-12.499389,50,124.271017
-12.921997,50,124.302284
-7.536422,50,124.498399
-7.822501,50,124.529527
-14.64563,50,124.560012
-5.693915,50,124.591946
-12.857197,50,124.622686
-15.08528,50,124.653885
-9.343019,50,124.685425
-5.853814,50,124.715662
-5.450655,50,124.745928
-8.459139,50,124.776315
-9.32593,50,124.807635
-8.122765,50,124.837802
-9.027522,50,124.868328
-5.751334,50,124.89956
-13.610283,50,124.929699
-13.866674,50,124.960268
-8.650564,50,124.991402
-6.133633,50,125.021596
-10.138632,50,125.051954
-7.980742,50,125.081954
-7.10248,50,125.113378
-8.165165,50,125.143595
-7.065856,50,125.174155
-10.62436,50,125.205283
-7.629338,50,125.23578
-7.369738,50,125.266642
-9.659114,50,125.298105
-6.494312,50,125.328416
-13.749872,50,125.358951
-6.787319,50,125.390308
-8.765402,50,125.420311
-5.720108,50,125.450865
-9.4944,50,125.481184
-6.367729,50,127.764152
-12.976657,50,127.794506
-8.500471,50,127.82586
-9.884168,50,127.856117
-6.583937,50,127.886611
-13.743515,50,127.9166
-5.596396,50,127.947627
-6.249538,50,127.977809
-10.638582,50,128.008342
-8.43801,50,128.039736
-12.137692,50,128.069857
-12.949023,50,128.100491
-5.465096,50,128.131645
-8.353559,50,128.161877
-9.322271,50,128.192345
-9.906667,50,128.223335
-13.98954,50,128.253353
-12.234798,50,128.447577
-6.613343,50,128.478063
-14.159254,50,128.508175
-6.721576,50,128.539248
-6.282203,50,128.569433
-5.442225,50,128.599773
-6.72132,50,128.630958
-8.737262,50,128.661108
-6.413933,50,128.691834
-9.768489,50,128.722251
-12.79307,50,128.753855
-8.123701,50,128.784153
-5.791131,50,128.814518
-6.210233,50,128.845891
-9.888838,50,128.876025
-7.914146,50,128.906668
-5.76367,50,128.938127
-12.427379,50,128.968327
-5.690686,50,128.998559
-11.195127,50,129.028652
-11.315735,50,129.060009
-6.531488,50,129.090106
-11.773943,50,129.120242
-6.530913,50,129.151608
-9.067835,50,131.395519
-5.584996,50,131.425435
-9.876836,50,131.455306
-14.193827,50,131.486342
-6.369715,50,131.516005
-7.5872,50,131.546382
-13.432147,50,131.57743
-7.287189,50,131.607388
-11.863035,50,131.637796
-8.396071,50,131.668974
-7.720901,50,131.6989
-7.025772,50,131.729341
-9.349947,50,131.759273
-10.699926,50,131.790182
-7.458036,50,131.82026
-9.993706,50,131.850714
-7.517354,50,131.881512
-7.948151,50,131.911477
-5.248586,50,131.941652
-12.404341,50,131.972732
-9.70623,50,132.002853
-5.160466,50,132.033154
-7.198048,50,132.063043
-9.024166,50,132.094257
-8.033004,50,132.124327
-7.654316,50,132.154617
-11.298405,50,132.351486
-14.327116,50,132.383171
-9.084162,50,132.413556
-5.892987,50,132.443749
-7.535571,50,132.475103
-10.470917,50,132.505308
-9.117,50,132.535681
-9.40084,50,132.565429
-5.997302,50,132.596703
-11.800733,50,132.627036
-6.828217,50,132.657883
-5.268976,50,132.689337
-6.284663,50,132.719879
-6.583426,50,132.751027
-12.814228,50,132.782515
-12.352986,50,135.041375
-9.303506,50,135.071155
-8.652837,50,135.100865
-11.330301,50,135.132142
-5.307247,50,135.162138
-5.888351,50,135.193082
-5.872777,50,135.224111
-8.147012,50,135.254251
-9.778625,50,135.28481
-5.298795,50,135.316284
-9.293548,50,135.346612
-7.190339,50,135.377277
-9.842046,50,135.4086
-11.797405,50,135.438526
-6.732993,50,135.468814
-10.272609,50,135.498726
-15.180185,50,135.529724
-13.259139,50,135.559577
-14.81154,50,135.5901
-15.641085,50,135.621796
-6.611614,50,135.652058
-10.786236,50,135.682595
-11.090964,50,135.713911
-12.349272,50,135.743747
-13.697929,50,135.773873
-14.412545,50,135.803978
-6.582504,50,135.834655
-8.934782,50,135.864352
-6.491967,50,135.894524
-10.722307,50,135.925124
-5.50667,50,135.954838
-12.394488,50,135.985232
-5.599751,50,136.01609
-7.870947,50,136.045684
-11.699419,50,136.075756
-5.755793,50,136.266384
-12.033555,50,136.296745
-6.266783,50,136.327441
-8.619633,50,136.35733
-8.05663,50,136.387681
-10.379092,50,136.41867
-8.610461,50,138.573298
-9.915434,50,138.603271
-7.218956,50,138.63336
-12.467062,50,138.664617
-11.293079,50,138.694671
-6.85117,50,138.725321
-7.047886,50,138.756655
-11.383701,50,138.786639
-7.605144,50,138.816945
-8.201987,50,138.848932
-10.683211,50,138.87932
-12.654215,50,138.909835
-7.496763,50,138.939611
-5.596138,50,138.97073
-7.781819,50,139.001021
-6.30537,50,139.031543
-7.420444,50,139.0629
-4.725018,50,139.092514
-13.171198,50,139.122618
-6.305304,50,139.153554
-15.120076,50,139.183937
-5.269232,50,139.214318
-8.524638,50,139.244106
-5.927416,50,139.275125
-7.796471,50,139.305165
-4.629905,50,139.33567
-13.660279,50,139.366603
-10.328859,50,139.396616
-5.395107,50,139.427294
-6.835676,50,139.458369
-8.254307,50,139.488168
-10.553362,50,139.518431
-5.743269,50,139.548216
-10.272423,50,139.578924
-9.287708,50,139.608871
-8.616378,50,139.638918
-7.132961,50,139.669692
-6.874567,50,139.6993
-8.43897,50,139.729374
-5.835363,50,139.760237
-6.539305,50,139.790162
-13.010152,50,142.011936
-5.030905,50,142.041795
-11.432133,50,142.071535
-6.806236,50,142.263372
-8.134881,50,142.294657
-8.490724,50,142.324314
-8.235205,50,142.354482
-12.942034,50,142.385838
-7.126245,50,142.415572
-5.914731,50,142.445332
-11.77432,50,142.475775
-8.922683,50,142.50686
-3.900844,50,142.536374
-10.141051,50,142.566443
-5.866177,50,142.59788
-6.844191,50,142.628444
-9.709973,50,142.658917
-12.845373,50,142.689971
-5.402048,50,142.720319
-7.639092,50,142.75056
-12.972869,50,142.780487
-4.360081,50,142.811648
-11.708733,50,142.841695
-10.70928,50,142.872046
-9.413153,50,142.903187
-12.319319,50,142.933389
-10.314049,50,142.963456
-4.032409,50,142.994259
-13.297667,50,143.023958
-6.894314,50,143.053941
-11.388638,50,143.083764
-6.29132,50,143.114814
-6.660236,50,143.144597
-9.437349,50,143.174856
-6.542953,50,143.205756
-11.848509,50,143.235504
-11.333636,50,143.265911
-5.464461,50,143.297513
-9.834609,50,143.327533
-6.303947,50,143.357585
-5.207321,50,143.387327
-12.561553,50,145.580568
-5.640187,50,145.610312
-12.620012,50,145.641563
-6.81454,50,145.671975
-7.013114,50,145.702355
-10.573628,50,145.733401
-4.874743,50,145.763345
-7.744799,50,145.793693
-6.874846,50,145.824639
-5.535479,50,145.854513
-11.723459,50,145.890365
-9.983875,50,145.920921
-9.204255,50,146.115274
-5.230233,50,146.146724
-6.471147,50,146.176899
-6.333055,50,146.206629
-5.931858,50,146.237491
-8.438311,50,146.267488
-12.130249,50,146.29797
-5.004293,50,146.327845
-10.88419,50,146.358833
-5.476649,50,146.389216
-8.297652,50,146.419245
-4.216575,50,146.450114
-6.765825,50,146.480232
-8.619987,50,146.510863
-4.007147,50,146.542137
-6.040864,50,146.572288
-6.559519,50,146.602791
-5.059753,50,146.632681
-4.383516,50,146.663579
-7.36934,50,146.694369
-5.034055,50,146.724459
-4.574354,50,146.755482
-11.803998,50,146.78556
-4.245808,50,146.815983
-4.875345,50,146.847043
-7.145978,50,146.877209
-8.088768,50,146.908078
-5.79565,50,146.93929
-5.963131,50,146.969298
-8.241,50,149.234035
-3.992151,50,149.265165
-5.175448,50,149.294972
-12.009458,50,149.324965
-5.558374,50,149.354807
-10.947704,50,149.385489
-6.841807,50,149.415392
-5.163442,50,149.445479
-8.16047,50,149.476694
-3.726281,50,149.506564
-7.734457,50,149.537053
-5.234799,50,149.56696
-10.120367,50,149.597873
-6.96239,50,149.628184
-10.406548,50,149.658375
-7.510826,50,149.689664
-7.039284,50,149.719702
-12.750757,50,149.749888
-8.203813,50,149.78106
-7.123455,50,149.811185
-10.566937,50,149.841466
-5.427047,50,150.034053
-13.806599,50,150.064561
-10.966643,50,150.095736
-13.610915,50,150.126148
-13.014324,50,150.15646
-10.997758,50,150.187478
-10.225845,50,150.217549
-12.567919,50,150.248027
-11.915932,50,150.27925
-11.031851,50,150.309227
-9.426281,50,150.339538
-5.263649,50,150.369416
-8.977573,50,150.400367
-2.740864,50,150.430762
-6.053245,50,150.46066
-5.263693,50,150.491624
-8.264964,50,150.521538
-7.238763,50,150.552132
-13.000279,50,150.583317
-6.580796,50,150.613256
-7.376828,50,152.880535
-6.44532,50,152.91287
-5.594178,50,152.942977
-5.376666,50,152.973874
-8.56268,50,153.003654
-7.414066,50,153.034477
-3.322446,50,153.064346
-5.227746,50,153.094498
-4.787717,50,153.125327
-3.293767,50,153.155326
-9.560928,50,153.186034
-10.70135,50,153.217271
-8.549205,50,153.247305
-9.96669,50,153.277554
-11.619659,50,153.307592
-6.948717,50,153.338388
-5.170144,50,153.368916
-9.315437,50,153.399003
-12.132231,50,153.430505
-5.778677,50,153.460775
-11.065422,50,153.491179
-5.413536,50,153.522553
-4.390874,50,153.552523
-6.215687,50,153.582897
-14.952459,50,153.612624
-8.009737,50,153.643797
-6.126098,50,153.674321
-13.482787,50,153.704148
-3.875634,50,153.73508
-4.700582,50,153.764851
-9.607549,50,153.956729
-7.193977,50,153.987462
-6.402166,50,154.017179
-3.759221,50,154.048221
-9.93385,50,154.078585
-8.358577,50,154.108411
-11.00263,50,154.139413
-5.458494,50,154.169802
-11.764035,50,154.200175
-10.597489,50,154.231069
-12.325004,50,154.260815
-6.272812,50,156.442195
-5.384028,50,156.47346
-4.980767,50,156.503441
-7.714595,50,156.533487
-8.892691,50,156.564503
-4.557198,50,156.595176
-9.009552,50,156.625334
-11.703913,50,156.656007
-4.751585,50,156.686314
-6.006708,50,156.71649
-9.613252,50,156.746144
-10.670275,50,156.77716
-9.788668,50,156.807605
-3.959499,50,156.837421
-5.772432,50,156.86835
-4.721719,50,156.899959
-6.458389,50,156.93033
-10.048836,50,156.961379
-6.204823,50,156.991656
-9.522411,50,157.022256
-7.626806,50,157.05238
-8.287514,50,157.083725
-6.370499,50,157.114053
-6.939162,50,157.143977
-5.864194,50,157.175312
-7.083252,50,157.205399
-6.510121,50,157.235693
-8.285218,50,157.266483
-6.735338,50,157.296472
-7.586617,50,157.326398
-2.94054,50,157.356187
-12.358942,50,157.387128
-6.819503,50,157.417485
-8.326372,50,157.44706
-9.757766,50,157.478
-8.622732,50,157.507876
-9.264084,50,157.538192
-7.403483,50,157.569778
-6.399515,50,157.599582
-8.937607,50,157.796566
-6.134213,50,157.826885
-8.60569,50,160.070608
-5.431903,50,160.101526
-5.215613,50,160.131371
-4.104084,50,160.161446
-8.138561,50,160.19243
-7.428688,50,160.222427
-4.760495,50,160.252396
-6.23069,50,160.28209
-6.392973,50,160.313141
-4.172564,50,160.343091
-11.023634,50,160.373691
-6.601,50,160.404717
-9.641199,50,160.434895
-12.884664,50,160.46514
-13.039002,50,160.496101
-7.100249,50,160.526162
-6.233611,50,160.556471
-7.629548,50,160.586186
-7.91518,50,160.617088
-10.093008,50,160.64723
-3.64545,50,160.677298
-9.836524,50,160.70846
-7.033797,50,160.738291
-13.167896,50,160.768586
-3.426777,50,160.799652
-7.278586,50,160.829646
-8.02496,50,160.860278
-6.980507,50,160.890546
-8.339468,50,160.921764
-7.204582,50,160.952323
-6.601348,50,160.982775
-8.898766,50,161.014097
-8.35036,50,161.044315
-8.210943,50,161.074441
-7.332228,50,161.105504
-8.200049,50,161.135768
-9.801354,50,161.16636
-7.196123,50,161.196266
-7.828327,50,161.227343
-4.721094,50,161.257764
-5.785557,50,161.28753
-5.606624,50,163.472492
-14.148814,50,163.502375
-3.687206,50,163.533306
-6.040449,50,163.562661
-8.555883,50,163.592302
-9.273862,50,163.622229
-8.758056,50,163.653118
-9.502251,50,163.846057
-8.61501,50,163.87655
-13.615769,50,163.906569
-6.631727,50,163.937636
-6.882901,50,163.968128
-4.912644,50,163.998469
-4.389082,50,164.02825
-6.008634,50,164.059654
-6.510506,50,164.089968
-5.470861,50,164.119744
-5.238715,50,164.150906
-9.78493,50,164.180627
-12.620427,50,164.211054
-4.118943,50,164.242106
-11.660006,50,164.271895
-8.325835,50,164.302014
-5.271571,50,164.331524
-7.274333,50,164.362484
-3.073801,50,164.392469
-3.499873,50,164.422146
-10.065301,50,164.453074
-3.49105,50,164.482794
-7.693138,50,164.513038
-4.701891,50,164.543916
-7.856302,50,164.573715
-8.704497,50,164.60404
-9.52097,50,164.633991
-6.917163,50,164.665045
-2.553483,50,164.695257
-7.079211,50,164.725264
-8.46743,50,164.756311
-8.079103,50,164.786154
-8.401447,50,164.816333
-7.406573,50,164.847115
-7.729762,50,167.052931
-6.620104,50,167.084162
-9.004697,50,167.114451
-11.83879,50,167.144882
-8.30213,50,167.176123
-6.872321,50,167.206298
-6.476059,50,167.236713
-9.658721,50,167.266722
-8.331785,50,167.297956
-5.618802,50,167.328431
-4.772916,50,167.358377
-9.070421,50,167.38942
-7.914739,50,167.419278
-2.913481,50,167.449367
-9.769838,50,167.480509
-10.02041,50,167.51032
-5.953018,50,167.706933
-9.62194,50,167.737348
-9.794653,50,167.767433
-5.405536,50,167.798917
-12.321079,50,167.829462
-4.577501,50,167.859881
-6.393993,50,167.891116
-4.986915,50,167.92101
-7.610457,50,167.951493
-9.457778,50,167.982647
-7.183102,50,168.0126
-5.88627,50,168.042993
-5.465237,50,168.073147
-8.002412,50,168.104065
-7.844962,50,168.134385
-9.962453,50,168.164567
-5.667839,50,168.195866
-6.301757,50,168.226039
-6.602262,50,168.256397
-4.912629,50,168.287427
-6.137949,50,168.317431
-11.034863,50,168.347869
-4.565526,50,168.377833
-6.074087,50,168.408908
-7.646803,50,168.439409
-7.966956,50,170.699422
-6.103088,50,170.730592
-10.437524,50,170.760718
-5.478278,50,170.790784
-6.112891,50,170.821842
-5.201069,50,170.851853
-12.31154,50,170.882149
-2.496551,50,170.911665
-3.300727,50,170.942987
-7.043835,50,170.973569
-6.871686,50,171.003787
-4.328376,50,171.035462
-7.954963,50,171.066014
-7.19132,50,171.096382
-3.586326,50,171.127375
-6.681733,50,171.157357
-8.320529,50,171.187844
-7.395871,50,171.219485
-6.85708,50,171.249522
-11.012971,50,171.2807
-5.74063,50,171.310557
-7.094096,50,171.34143
-6.626278,50,171.371968
-7.326698,50,171.402046
-6.355116,50,171.433067
-5.372966,50,171.627198
-5.762289,50,171.65788
-9.703382,50,171.688681
-10.630297,50,171.718868
-5.387737,50,171.750272
-9.23765,50,171.780699
-10.294616,50,171.810842
-2.475926,50,171.841659
-11.865421,50,171.872306
-12.544176,50,171.902082
-9.664711,50,171.93305
-9.787582,50,171.962904
-7.40098,50,171.993473
-7.462909,50,172.023314
-1.964543,50,172.054397
-8.641494,50,172.084878
-6.553436,50,174.335988
-5.789409,50,174.366851
-5.444391,50,174.396638
-8.429487,50,174.426948
-3.425872,50,174.457698
-7.206796,50,174.487512
-5.011902,50,174.517557
-9.218572,50,174.547438
-5.725254,50,174.57819
-8.803339,50,174.608612
-7.000407,50,174.638546
-11.677108,50,174.669552
-8.621774,50,174.69898
-4.838891,50,174.728721
-7.404859,50,174.758404
-6.444424,50,174.789193
-6.361931,50,174.819348
-9.870503,50,174.849089
-10.448795,50,174.880032
-5.343259,50,174.910047
-5.142542,50,174.940209
-2.310918,50,174.971511
-6.523621,50,175.001489
-6.931648,50,175.031449
-4.093959,50,175.061294
-7.147566,50,175.092116
-3.811987,50,175.122375
-9.978964,50,175.152211
-5.459492,50,175.183134
-8.679124,50,175.213426
-9.067348,50,175.243312
-10.503277,50,175.274632
-9.636839,50,175.304795
-6.586131,50,175.334824
-8.155888,50,175.530594
-11.439229,50,175.560668
-5.679654,50,175.591546
-6.680163,50,175.621679
-5.253974,50,175.651289
-5.702653,50,175.682156
-3.145154,50,175.712733
-7.66447,50,177.908593
-5.803198,50,177.938154
-9.570383,50,177.968248
-8.383992,50,177.999477
-5.53763,50,178.029517
-12.231091,50,178.059921
-8.216492,50,178.089876
-5.383182,50,178.120618
-7.658855,50,178.15064
-5.406108,50,178.180112
-6.802924,50,178.210745
-8.131303,50,178.240397
-8.275985,50,178.27046
-6.939298,50,178.30104
-1.87393,50,178.33027
-7.05138,50,178.360263
-12.837182,50,178.389746
-8.680704,50,178.420447
-6.320453,50,178.450486
-7.189341,50,178.480041
-2.306037,50,178.510371
-8.528951,50,178.539837
-5.896377,50,178.569634
-6.620515,50,178.599098
-8.530083,50,178.629689
-5.589575,50,178.660092
-1.569715,50,178.689587
-7.677377,50,178.720122
-7.754562,50,178.75018
-12.074332,50,178.77985
-9.924867,50,178.810483
-8.569761,50,178.840062
-4.611332,50,178.869858
-3.648011,50,178.899115
-11.391142,50,178.929668
-5.321438,50,178.959698
-9.374789,50,178.989408
-2.994906,50,179.020202
-6.834793,50,179.050279
-7.438381,50,179.07999
-9.546602,50,179.111717
-6.478013,50,181.312354
-12.490599,50,181.343297
-5.133304,50,181.538202
-7.054932,50,181.569387
-6.068148,50,181.598652
-9.31865,50,181.628067
-5.525822,50,181.658782
-6.720708,50,181.68886
-11.235088,50,181.718241
-11.78627,50,181.749333
-3.984784,50,181.778759
-12.611811,50,181.808524
-7.988431,50,181.837922
-14.299404,50,181.868218
-5.910373,50,181.898016
-6.274734,50,181.927446
-3.460219,50,181.958315
-4.054701,50,181.988146
-4.616169,50,182.017755
-2.815986,50,182.048788
-4.32778,50,182.078213
-2.356681,50,182.107875
-8.696628,50,182.137463
-3.768484,50,182.168794
-6.44098,50,182.198515
-4.974706,50,182.228189
-9.881929,50,182.25942
-6.024416,50,182.289338
-6.426351,50,182.318901
-6.047965,50,182.349672
-6.60879,50,182.379304
-6.508128,50,182.409379
-3.542944,50,182.438883
-2.614258,50,182.469326
-8.920286,50,182.499301
-8.810512,50,182.529613
-1.9518,50,182.560645
-13.064135,50,182.589915
-2.590862,50,182.619128
-6.876665,50,182.648922
-6.102282,50,184.910791
-9.541746,50,184.940513
-6.308119,50,184.9702
-6.420338,50,185.000845
-4.104244,50,185.030509
-8.200747,50,185.060198
-2.580902,50,185.090846
-5.082264,50,185.120488
-3.986516,50,185.150412
-10.743496,50,185.18016
-5.41815,50,185.210952
-4.087626,50,185.241017
-5.742983,50,185.431899
-6.817702,50,185.461687
-10.980225,50,185.492497
-8.453395,50,185.522255
-5.099296,50,185.552484
-10.683262,50,185.582405
-7.918166,50,185.613425
-5.973836,50,185.643862
-6.678847,50,185.673909
-6.585903,50,185.705204
-5.379632,50,185.735587
-9.191902,50,185.765472
-5.707666,50,185.796508
-5.961602,50,185.82645
-8.624282,50,185.856746
-6.642107,50,185.886416
-5.646837,50,185.917309
-10.329294,50,185.947061
-2.357836,50,185.977455
-9.779867,50,186.008615
-8.792006,50,186.038934
-11.092943,50,186.068865
-4.208688,50,186.099853
-11.140566,50,186.129714
-11.748799,50,186.159503
-4.096995,50,186.18968
-7.556295,50,186.220747
-6.916257,50,186.250694
-2.023998,50,186.280927
-4.685994,50,188.544566
-10.88177,50,188.575201
-3.854916,50,188.604999
-4.393604,50,188.635914
-8.516758,50,188.665868
-7.954309,50,188.696099
-6.249989,50,188.726862
-8.30658,50,188.756653
-8.056741,50,188.786927
-9.233339,50,188.816535
-6.223474,50,188.847317
-8.558814,50,188.877448
-6.28256,50,188.907472
-6.708046,50,188.938278
-9.154275,50,188.968671
-5.233042,50,188.998706
-2.844813,50,189.029662
-2.632522,50,189.059345
-11.008572,50,189.089753
-9.682992,50,189.120123
-2.146129,50,189.151369
-3.337095,50,189.345265
-8.262971,50,189.375583
-5.722436,50,189.405441
-12.9746,50,189.436479
-6.340707,50,189.466341
-6.236556,50,189.496748
-3.469128,50,189.526352
-8.940337,50,189.557552
-8.05937,50,189.587539
-10.23839,50,189.61756
-12.603797,50,189.648924
-8.336095,50,189.679214
-6.366281,50,189.709646
-10.614631,50,189.741128
-6.156987,50,189.771106
-7.052999,50,189.800986
-2.788363,50,189.831371
-8.616177,50,189.862639
-8.454673,50,189.892671
-8.61741,50,189.922883
-8.239239,50,192.196365
-4.862626,50,192.226143
-3.237077,50,192.255364
-4.066468,50,192.285867
-4.230928,50,192.315498
-2.214804,50,192.34522
-5.815442,50,192.375896
-9.923489,50,192.405458
-8.970409,50,192.434938
-3.527813,50,192.464925
-6.140882,50,192.495681
-3.65962,50,192.525264
-5.149944,50,192.554559
-9.706382,50,192.585172
-7.727216,50,192.614844
-2.945824,50,192.644031
-7.364928,50,192.674531
-4.871879,50,192.704152
-8.377151,50,192.733637
-7.078511,50,192.763056
-6.105869,50,192.793593
-2.415922,50,192.823179
-8.258681,50,192.852827
-8.223409,50,192.884074
-5.532856,50,192.913966
-7.803059,50,192.944143
-3.59089,50,192.975106
-8.13343,50,193.005102
-8.599165,50,193.034559
-2.78557,50,193.063971
-6.07205,50,193.257437
-5.977994,50,193.288481
-5.360078,50,193.318461
-10.360259,50,193.348221
-7.398809,50,193.378832
-4.700572,50,193.408664
-3.712476,50,193.438359
-8.799024,50,193.468995
-7.283176,50,193.499716
-4.731171,50,193.529352
-2.420436,50,193.558818
-8.971932,50,195.786531
-3.525584,50,195.817021
-5.615693,50,195.847539
-6.509185,50,195.877412
-9.150025,50,195.908058
-12.278464,50,195.938216
-3.080116,50,195.967971
-7.479345,50,195.997452
-9.183933,50,196.0281
-2.915277,50,196.058086
-5.905041,50,196.08813
-11.575093,50,196.119181
-7.489581,50,196.149727
-6.172172,50,196.179402
-3.782627,50,196.210445
-5.332092,50,196.240663
-5.021976,50,196.270273
-5.580173,50,196.299797
-8.17204,50,196.330819
-2.63526,50,196.360548
-2.488528,50,196.390335
-7.685783,50,196.421752
-5.132057,50,196.451454
-8.736872,50,196.481052
-8.898833,50,196.512111
-7.381034,50,196.541471
-4.97518,50,196.570841
-4.99726,50,196.600858
-10.768081,50,196.631232
-10.135801,50,196.660799
-5.219576,50,196.690506
-5.973435,50,196.720971
-6.601464,50,196.750839
-3.141027,50,196.780493
-6.774055,50,196.809653
-4.780808,50,196.839924
-10.894961,50,196.869616
-7.247114,50,196.899081
-7.277833,50,196.929871
-3.643159,50,197.11879
-12.932713,50,197.148093
-4.58842,50,199.271079
-6.165698,50,199.300757
-2.387306,50,199.330601
-10.808604,50,199.36159
-5.687055,50,199.391594
-2.551353,50,199.421175
-3.391551,50,199.451763
-5.92169,50,199.481379
-4.982181,50,199.511053
-6.637437,50,199.540929
-5.8432,50,199.571776
-1.311752,50,199.601702
-8.655428,50,199.63155
-9.684669,50,199.662359
-8.239559,50,199.692118
-7.171217,50,199.721602
-6.692868,50,199.752516
-4.704224,50,199.78212
-3.878408,50,199.812071
-6.009174,50,199.842087
-7.194682,50,199.875978
-6.186161,50,199.909242
-4.151552,50,199.940804
-8.532714,50,199.974096
-11.428636,50,200.005302
-8.296981,50,200.036539
-5.398899,50,200.068039
-5.859232,50,200.098868
-5.410257,50,200.128879
-9.477809,50,200.160221
-4.408455,50,200.190098
-7.052642,50,200.219903
-5.998926,50,200.250021
-6.93031,50,200.281319
-2.002073,50,200.311494
-3.581173,50,200.340885
-5.972912,50,200.37184
-4.515775,50,200.40164
-5.864237,50,200.431572
-8.859026,50,200.462363
-4.879009,50,200.492155
-6.867734,50,202.700884
-7.006307,50,202.730721
-10.987106,50,202.760423
-5.724629,50,202.790806
-10.746224,50,202.820857
-2.649394,50,202.850793
-7.295906,50,202.881478
-5.476875,50,203.07078
-3.328222,50,203.102281
-10.042903,50,203.132467
-6.00026,50,203.161711
-7.228747,50,203.192316
-6.954159,50,203.221719
-8.861934,50,203.25191
-4.072439,50,203.281673
-7.36642,50,203.312269
-9.719735,50,203.342401
-12.564371,50,203.372166
-9.040865,50,203.402632
-6.115943,50,203.43194
-9.164135,50,203.461607
-5.436552,50,203.492062
-5.929574,50,203.521684
-2.451654,50,203.551402
-8.142897,50,203.581418
-6.158013,50,203.612185
-5.34549,50,203.641726
-11.244639,50,203.671701
-4.680457,50,203.702383
-4.448678,50,203.731899
-6.789563,50,203.761295
-7.272902,50,203.792063
-3.135001,50,203.821418
-7.608205,50,203.851114
-3.103321,50,203.881092
-5.404172,50,203.91159
-2.890141,50,203.941078
-10.580348,50,203.970693
-1.429742,50,204.00192
-2.805268,50,204.03152
-11.101944,50,204.06111
-3.033123,50,206.234456
-5.412267,50,206.265439
-6.323655,50,206.295005
-9.901105,50,206.326274
-4.856383,50,206.356609
-1.892519,50,206.386551
-6.850149,50,206.416638
-8.659365,50,206.447804
-4.737549,50,206.477516
-10.029249,50,206.507085
-10.902475,50,206.538156
-3.908836,50,206.567822
-4.671389,50,206.597559
-5.471662,50,206.62875
-7.958137,50,206.659014
-9.977903,50,206.688863
-5.537482,50,206.879151
-6.926694,50,206.909313
-3.596051,50,206.939811
-6.759632,50,206.969885
-5.438476,50,207.000206
-8.117817,50,207.03079
-2.606543,50,207.060417
-9.159723,50,207.090736
-3.378931,50,207.120302
-1.768007,50,207.150642
-10.207247,50,207.180727
-5.787267,50,207.210394
-5.392527,50,207.241575
-6.218786,50,207.271757
-7.303944,50,207.301411
-8.734415,50,207.332449
-9.467386,50,207.361939
-3.781033,50,207.391648
-6.200519,50,207.421791
-1.98849,50,207.452635
-4.108565,50,207.482087
-3.75263,50,207.512177
-4.848104,50,207.542813
-4.380801,50,207.572314
-3.757619,50,207.602201
-5.610452,50,209.744384
-5.012726,50,209.775224
-4.859808,50,209.805304
-6.033905,50,209.835419
-2.260554,50,209.86621
-11.273,50,209.896469
-2.989032,50,209.926674
-7.856428,50,209.956739
-5.563954,50,209.987695
-9.957114,50,210.017609
-7.567387,50,210.047894
-12.534069,50,210.079332
-5.029966,50,210.109523
-5.362844,50,210.140081
-5.621529,50,210.171156
-10.448664,50,210.201157
-2.902672,50,210.231524
-6.734498,50,210.261548
-5.254429,50,210.292465
-6.631986,50,210.323225
-3.231469,50,210.35328
-8.186817,50,210.384318
-5.897225,50,210.414698
-1.52689,50,210.444843
-2.700571,50,210.475901
-6.751262,50,210.670909
-4.177069,50,210.700825
-5.006562,50,210.731055
-5.683271,50,210.760753
-5.897755,50,210.79144
-6.945741,50,210.821729
-8.302049,50,210.851492
-6.46181,50,210.882344
-5.604618,50,210.912139
-7.611901,50,210.941845
-6.48501,50,210.973113
-6.799843,50,211.003393
-8.152948,50,211.033661
-11.461782,50,211.06389
-8.88105,50,211.095037
-11.941487,50,211.125171
-5.516795,50,213.306827
-12.974713,50,213.336515
-7.193258,50,213.366126
-4.595858,50,213.39673
-4.752814,50,213.426331
-3.638482,50,213.456146
-5.744634,50,213.485932
-6.095259,50,213.516404
-5.542472,50,213.545842
-5.480101,50,213.575886
-4.678247,50,213.606058
-7.494638,50,213.635603
-7.443994,50,213.665485
-6.720975,50,213.694971
-7.479167,50,213.725354
-5.010909,50,213.754922
-4.493326,50,213.784652
-4.805541,50,213.815119
-4.403332,50,213.844542
-9.769598,50,213.874336
-5.141688,50,213.9053
-4.886015,50,213.93509
-4.210501,50,213.965151
-10.046153,50,213.994829
-5.31049,50,214.025231
-7.58994,50,214.055401
-4.906557,50,214.085418
-1.769925,50,214.116289
-7.322435,50,214.145756
-5.106117,50,214.176114
-7.0438,50,214.206882
-3.342587,50,214.236196
-4.91203,50,214.266086
-6.24328,50,214.295578
-1.022693,50,214.486242
-6.400472,50,214.517066
-8.894572,50,214.547313
-2.726841,50,214.577122
-4.321859,50,214.606424
-5.196008,50,214.637084
-4.202458,50,214.667161
-5.507598,50,216.80255
-6.098765,50,216.833508
-5.753438,50,216.863189
-10.297812,50,216.893014
-5.176799,50,216.922547
-7.397349,50,216.953594
-11.796889,50,216.983418
-6.493443,50,217.013458
-3.567788,50,217.044479
-4.514159,50,217.074049
-2.647857,50,217.103991
-3.731797,50,217.134022
-4.717016,50,217.1648
-3.074296,50,217.194706
-2.94999,50,217.225253
-9.788994,50,217.256247
-8.444858,50,217.285895
-9.190641,50,217.315982
-5.782331,50,217.347631
-3.978983,50,217.378034
-6.212888,50,217.407698
-3.716995,50,217.437433
-7.015707,50,217.468069
-6.930164,50,217.497731
-6.228316,50,217.527936
-3.802278,50,217.558523
-7.170087,50,217.588737
-2.748204,50,217.618372
-8.402437,50,217.649288
-9.761325,50,217.679291
-5.430565,50,217.709052
-5.990038,50,217.738898
-4.151574,50,217.769322
-5.705758,50,217.799062
-6.267658,50,217.828599
-5.805351,50,217.858929
-3.462915,50,217.888496
-6.17938,50,217.918452
-5.97489,50,217.949191
-3.447307,50,217.978577
-6.281972,50,218.008534
-4.382491,50,220.155441
-5.17576,50,220.186385
-3.924749,50,220.38071
-5.894118,50,220.411259
-3.030045,50,220.44063
-4.737751,50,220.470492
-2.749782,50,220.501706
-10.650448,50,220.532019
-4.591526,50,220.561582
-6.733792,50,220.592973
-9.692298,50,220.622383
-6.850977,50,220.652021
-4.846517,50,220.682654
-4.459024,50,220.712535
-11.909752,50,220.742449
-5.437668,50,220.771947
-6.718374,50,220.802765
-5.784917,50,220.832018
-6.905113,50,220.86165
-9.828179,50,220.892361
-8.098828,50,220.922187
-6.128643,50,220.952204
-7.072534,50,220.982591
-3.520613,50,221.012268
-4.562307,50,221.041713
-4.677165,50,221.071616
-6.765418,50,221.102331
-5.883131,50,221.132149
-8.226501,50,221.161908
-7.228504,50,221.192493
-7.870994,50,221.222234
-5.862173,50,221.252422
-9.747365,50,221.28317
-8.633806,50,221.312693
-9.91821,50,221.343259
-8.846889,50,221.373182
-4.917662,50,221.403952
-5.690268,50,221.433597
-7.643816,50,221.463997
-2.578383,50,221.494948
-6.938735,50,221.524869
